{"R": 163.03989875674415, "G": 152.5904380354245, "B": 148.57914883656665}