{"R": 169.4396278004033, "G": 161.00324996695082, "B": 157.7146909817168}